<Defs>

<!--Bullets-->

  <ThingDef ParentName="BaseProjectileNeolithic">
    <defName>Bullet_Rock</defName>
    <label>Rock Bullet</label>
    <graphicData>
      <texPath>Things/Item/Equipment/Ranged/Projectile/Rock</texPath>
      <graphicClass>Graphic_Single</graphicClass>
    </graphicData>
    <projectile>
      <flyOverhead>false</flyOverhead>
      <damageDef>Blunt</damageDef>
      <damageAmountBase>30</damageAmountBase>
      <speed>20</speed>
    </projectile>
  </ThingDef>
  
   
  
  <!--Pistol-->
  
  <ThingDef ParentName="BaseWeaponNeolithic">
    <defName>Rock</defName>
    <label>Rock</label>
    <description>A heavy piece of rock thrown by large Reptillioids.</description>
    <graphicData>
      <texPath>Things/Item/Equipment/Ranged/Rock</texPath>
      <graphicClass>Graphic_Single</graphicClass>
    </graphicData>
    <soundInteract>Interact_BeatFire</soundInteract>
    <statBases>
      <WorkToMake>20</WorkToMake>
      <Mass>15</Mass>
      <AccuracyTouch>0.60</AccuracyTouch>
      <AccuracyShort>0.70</AccuracyShort>
      <AccuracyMedium>0.50</AccuracyMedium>
      <AccuracyLong>0.20</AccuracyLong>
      <RangedWeapon_Cooldown>3</RangedWeapon_Cooldown>
      <Weapon_Bulk>1</Weapon_Bulk>
    </statBases>
    <weaponTags>
      <li>NeolithicRanged</li>
      <li>NeolithicRangedBasic</li>
    </weaponTags>
	<costStuffCount>10</costStuffCount>
	<stuffCategories>
			<li>Stony</li>
		</stuffCategories>
  <recipeMaker>
  
      <recipeUsers>
         <li>CraftingSpot</li>
      </recipeUsers>
    </recipeMaker>
    <verbs>
      <li>
        <verbClass>Verb_Shoot</verbClass>
        <hasStandardCommand>true</hasStandardCommand>
        <defaultProjectile>Bullet_Rock</defaultProjectile>
        <warmupTime>2</warmupTime>
        <range>7</range>
        <soundCast>soundCast>Interact_BeatFire</soundCast>
        
       
      </li>
    </verbs>
    <tools>
      <li>
        <label>Rock</label>
        <capacities>
          <li>Blunt</li>
        </capacities>
        <power>15</power>
        <cooldownTime>1.6</cooldownTime>
      </li>
      
    </tools>
	
  </ThingDef>
  
  <!--Dart-->

  <ThingDef ParentName="BaseProjectileNeolithic">
    <defName>Bullet_Dart</defName>
    <label>Dart Bullet</label>
    <graphicData>
      <texPath>Things/Item/Equipment/Ranged/Projectile/Dart</texPath>
      <graphicClass>Graphic_Single</graphicClass>
    </graphicData>
    <projectile>
      <flyOverhead>false</flyOverhead>
      <damageDef>ToxicDart</damageDef>
      <damageAmountBase>1</damageAmountBase>
      <speed>30</speed>
    </projectile>
  </ThingDef>
  
   
  
  <!--Blowgun-->
  
  <ThingDef ParentName="BaseWeaponNeolithic">
    <defName>Blowgun</defName>
    <label>blowgun</label>
    <description>A blowgun shooting poison darts.</description>
    <graphicData>
      <texPath>Things/Item/Equipment/Ranged/Blowgun</texPath>
      <graphicClass>Graphic_Single</graphicClass>
    </graphicData>
    <soundInteract>Interact_BeatFire</soundInteract>
    <statBases>
      <WorkToMake>400</WorkToMake>
      <Mass>0.4</Mass>
      <AccuracyTouch>0.60</AccuracyTouch>
      <AccuracyShort>0.90</AccuracyShort>
      <AccuracyMedium>0.70</AccuracyMedium>
      <AccuracyLong>0.50</AccuracyLong>
      <RangedWeapon_Cooldown>1</RangedWeapon_Cooldown>
      <Weapon_Bulk>0.2</Weapon_Bulk>
    </statBases>
    <weaponTags>
      <li>NeolithicRanged</li>
      <li>NeolithicRangedBasic</li>
    </weaponTags>
	<costList>
      <PoisonleafLeaves>10</PoisonleafLeaves>
    </costList>
	<costStuffCount>10</costStuffCount>
	<stuffCategories>
			<li>Woody</li>
		</stuffCategories>
  <recipeMaker>
  
      <recipeUsers>
         <li>CraftingSpot</li>
      </recipeUsers>
    </recipeMaker>
    <verbs>
      <li>
        <verbClass>Verb_Shoot</verbClass>
        <hasStandardCommand>true</hasStandardCommand>
        <defaultProjectile>Bullet_Dart</defaultProjectile>
        <warmupTime>2</warmupTime>
        <range>15</range>
        <soundCast>soundCast>Interact_BeatFire</soundCast>
        
       
      </li>
    </verbs>
    <tools>
      <li>
        <label>Poke</label>
        <capacities>
          <li>Poke</li>
        </capacities>
        <power>3</power>
        <cooldownTime>1</cooldownTime>
      </li>
      
    </tools>
	
  </ThingDef>
  
  
  <!-- Single use-->
  
	<ThingDef ParentName="BaseBullet">
		<defName>Bullet_Shell</defName>
		<label>shell</label>
		<graphicData>
			<texPath>Things/Item/Equipment/Ranged/Projectile/Shell</texPath>
			<graphicClass>Graphic_Single</graphicClass>
			<shaderType>TransparentPostLight</shaderType>
		</graphicData>
		<soundInteract>InteractGrenade</soundInteract>
		<thingClass>Projectile_Explosive</thingClass>
		<projectile>
			<damageDef>Bomb</damageDef>
			<damageAmountBase>80</damageAmountBase>
			<explosionRadius>4.0</explosionRadius>
			<speed>20</speed>
		</projectile>
	</ThingDef>
	<ThingDef ParentName="BaseGun">
		<defName>Shell</defName>
		<label>Primed Mortar Shell</label>
		<description>A single Mortar shell Ready to be thrown.</description>
		<graphicData>
			<texPath>Things/Item/Equipment/Ranged/Shell</texPath>
			<graphicClass>Graphic_Single</graphicClass>
		</graphicData>
		<statBases>
			<MarketValue>1600</MarketValue>
			<Mass>7</Mass>
			<AccuracyTouch>0.6</AccuracyTouch>
			<AccuracyShort>0.8</AccuracyShort>
			<AccuracyMedium>0.92</AccuracyMedium>
			<AccuracyLong>0.88</AccuracyLong>
			<RangedWeapon_Cooldown>4.5</RangedWeapon_Cooldown>
      <Weapon_Bulk>1.0</Weapon_Bulk>
		</statBases>
		<recipeMaker>
  
      <recipeUsers>
			<li>ElectricSmithy</li>
			<li>FueledSmithy</li>
			<li>CraftingSpot</li>
      </recipeUsers>
    </recipeMaker>
    <costList>
      <Shell_HighExplosive>1</Shell_HighExplosive>
      <Component>1</Component>
    </costList>
		
		<destroyOnDrop>false</destroyOnDrop>
		
		
		<verbs>
			<li>
				<verbClass>Verb_ShootOneUse</verbClass>
				<hasStandardCommand>true</hasStandardCommand>
				<defaultProjectile>Bullet_Shell</defaultProjectile>
				<forcedMissRadius>2.0</forcedMissRadius>
				<warmupTime>5.0</warmupTime>
        <ai_AvoidFriendlyFireRadius>5</ai_AvoidFriendlyFireRadius>
				<range>10</range>
				
				
				<onlyManualCast>true</onlyManualCast>
				<stopBurstWithoutLos>false</stopBurstWithoutLos>
				<targetParams>
					<canTargetLocations>true</canTargetLocations>
				</targetParams>
				
			</li>
		</verbs>
    <tools>
      <li>
        <label>shell</label>
        <capacities>
          <li>Blunt</li>
        </capacities>
        <power>10</power>
        <cooldownTime>1.9</cooldownTime>
      </li>
    </tools>
  </ThingDef>
  

  </Defs>