﻿<?xml version="1.0" encoding="utf-8"?>

<Defs>
	<PawnKindDef Name="MonitorianBase" Abstract="True">
		
		<race>Alien_Monitorian</race>
		<backstoryCategory>Tribal</backstoryCategory>
		<chemicalAddictionChance>0.02</chemicalAddictionChance>
		<baseRecruitDifficulty>0.7</baseRecruitDifficulty>
		<minGenerationAge>16</minGenerationAge>
		<maxGenerationAge>95</maxGenerationAge>
		<invNutrition>2.3</invNutrition>
		<invFoodDef>RawAgave</invFoodDef>
		<apparelTags>
			<li>Tribal</li>
		</apparelTags>
	</PawnKindDef>
	
	<PawnKindDef Name="MonitorianMelee" Parentname="MonitorianBase">
	<defaultFactionType>MonitorianFaction</defaultFactionType>
		<defName>MonitorianMelee</defName>
		<label>Destroier</label>
		<race>Alien_Monitorian</race>
		<backstoryCategory>Tribal</backstoryCategory>
		

		<combatPower>48</combatPower>
		
		<gearHealthRange>
			<min>0.4</min>
			<max>1.8</max>
		</gearHealthRange>
		<apparelMoney>
			<min>150</min>
			<max>300</max>
		</apparelMoney>
		<weaponMoney>
			<min>100</min>
			<max>450</max>
		</weaponMoney>
		<weaponTags>
			<li>NeolithicMeleeBasic</li>
			<li>NeolithicMeleeAdvanced</li>
		</weaponTags>
	</PawnKindDef>
	
	<PawnKindDef Parentname="MonitorianMelee">
	<defaultFactionType>MonitorianFaction</defaultFactionType>
		<defName>MonitorianTrader</defName>
		<label>keeper</label>
		<trader>true</trader>
		<race>Alien_Monitorian</race>
		<backstoryCategory>Tribal</backstoryCategory>
		<baseRecruitDifficulty>0.78</baseRecruitDifficulty>
		<invNutrition>3</invNutrition>
		<invFoodDef>RawAgave</invFoodDef>
		<combatPower>70</combatPower>
		
		<gearHealthRange>
			<min>1</min>
			<max>2.5</max>
		</gearHealthRange>
		<apparelMoney>
			<min>450</min>
			<max>600</max>
		</apparelMoney>
		<weaponMoney>
			<min>500</min>
			<max>750</max>
		</weaponMoney>
		<weaponTags>
			<li>NeolithicMeleeAdvanced</li>
			<li>NeolithicRangedBasic</li>
		</weaponTags>		
	</PawnKindDef>
	
	<PawnKindDef Name="MonitorianRanged" Parentname="MonitorianBase">
		<defName>MonitorianRanged</defName>
		<label>thrower</label>
		<race>Alien_Monitorian</race>
		<defaultFactionType>MonitorianFaction</defaultFactionType>
		<backstoryCategory>Tribal</backstoryCategory>
		<chemicalAddictionChance>0.02</chemicalAddictionChance>
		<baseRecruitDifficulty>0.7</baseRecruitDifficulty>
		<invNutrition>2.3</invNutrition>
		<invFoodDef>RawAgave</invFoodDef>
		<combatPower>50</combatPower>
		<maxGenerationAge>100</maxGenerationAge>
		<gearHealthRange>
			<min>0.4</min>
			<max>2.0</max>
		</gearHealthRange>
		<apparelMoney>
			<min>150</min>
			<max>350</max>
		</apparelMoney>
		<weaponMoney>
			<min>400</min>
			<max>500</max>
		</weaponMoney>
		<weaponTags>
			<li>NeolithicRangedBasic</li>
		</weaponTags>
	</PawnKindDef>
	
	<PawnKindDef Parentname="MonitorianBase">
	<defaultFactionType>MonitorianFaction</defaultFactionType>
		<defName>MonitorianChief</defName>
		<label>War Chief</label>
		<race>Alien_Monitorian</race>
		<backstoryCategory>Tribal</backstoryCategory>	
		<minGenerationAge>100</minGenerationAge>
		<combatPower>85</combatPower>
		<baseRecruitDifficulty>0.92</baseRecruitDifficulty>
		<itemQuality>Excellent</itemQuality>
		<factionLeader>true</factionLeader>
		<gearHealthRange>
			<min>0.75</min>
			<max>3.0</max>
		</gearHealthRange>
		<apparelMoney>
			<min>500</min>
			<max>1500</max>
		</apparelMoney>
		<weaponMoney>
			<min>750</min>
			<max>950</max>
		</weaponMoney>
		<weaponTags>
			<li>NeolithicMeleeAdvanced</li>
			<li>NeolithicRangedChief</li>
		</weaponTags>
	</PawnKindDef>	
</Defs>
