<?xml version="1.0" encoding="utf-8" ?>
<Defs>

  

 <DamageDef ParentName="LocalInjuryBase">
    <defName>ToxicDart</defName>
    <label>toxic cut</label>
    <externalViolence>true</externalViolence>
    <deathMessage>{0} has been shot to death.</deathMessage>
    <hediff>Cut</hediff>
    <hediffSolid>Crack</hediffSolid>
    <harmAllLayersUntilOutside>true</harmAllLayersUntilOutside>
	<additionalHediffs>
      <li>
        <hediff>ToxicBuildup</hediff>
        <severityPerDamageDealt>0.04</severityPerDamageDealt>
      </li>
    </additionalHediffs>
    <impactSoundType>Bullet</impactSoundType>
    <armorCategory>Sharp</armorCategory>
  </DamageDef>
  
  

</Defs>
